Trial Number,Experiment Part,Obstacle Type,Obstacle Height,Affordance Height,time stamp
1,1,0,1,0.446,8/3/2022 2:09:59 PM
2,1,0,2,0.5420003,8/3/2022 2:10:05 PM
1,1,0,1,1.095999,8/3/2022 2:10:56 PM
1,1,0,0,1.095999,8/3/2022 2:12:06 PM
2,1,0,1,0.5420003,8/3/2022 2:12:12 PM
