Trial Number,Obstacle Type,Obstacle Height,Affordance Height,time stamp
1,1,0,0.8559997,7/28/2022 4:50:12 PM
1,1,1,0.4170005,7/28/2022 4:53:02 PM
2,1,0,0.6759998,7/28/2022 4:53:18 PM
