Trial Number,Experiment Part,Avatar,Obstacle Type,Obstacle Height,Affordance Height,time stamp
2,2,0,1,0,0.6659998,8/5/2022 4:35:17 PM
3,2,0,1,1,0.7170001,8/5/2022 4:35:21 PM
1,1,0,1,1,0.7559997,8/5/2022 4:35:53 PM
1,2,1,1,1,0.6959997,8/5/2022 4:38:29 PM
2,2,1,1,2,0.7470001,8/5/2022 4:38:32 PM
1,1,1,1,1,0.7309997,8/5/2022 4:38:56 PM
1,0,1,1,1,0.8209996,8/5/2022 4:39:21 PM
2,0,1,1,2,0.7220001,8/5/2022 4:39:25 PM
1,1,1,1,1,0.7659997,8/5/2022 4:39:34 PM
